REF_DATE,GEO,DGUID,UOM,UOM_ID,SCALAR_FACTOR,SCALAR_ID,VECTOR,COORDINATE,VALUE,STATUS,SYMBOL,TERMINATED,DECIMALS
2001,Canada,2021A00001124,Persons,249,units,0,v1592180531,1,31020855,,,,0
2001,Ontario,2021A000235,Persons,249,units,0,v1592180537,2130,11897473,,,,0
2001,"Toronto (C), Ontario",2021A00053520005,Persons,249,units,0,v1592182773,2132,2583704,,,,0
2001,"Mississauga (CY), Ontario",2021A00053521005,Persons,249,units,0,v1592182774,2134,638334,,,,0
2001,"Brampton (CY), Ontario",2021A00053521010,Persons,249,units,0,v1592182775,2135,341463,,,,0
2001,"Markham (CY), Ontario",2021A00053519036,Persons,249,units,0,v1592182764,2138,218268,,,,0
2001,"Vaughan (CY), Ontario",2021A00053519028,Persons,249,units,0,v1592182763,2139,191304,,,,0
2001,"Oakville (T), Ontario",2021A00053524001,Persons,249,units,0,v1592182793,2142,150717,,,,0
2001,"Richmond Hill (T), Ontario",2021A00053519038,Persons,249,units,0,v1592182765,2143,138233,,,,0
2001,"Burlington (CY), Ontario",2021A00053524002,Persons,249,units,0,v1592182794,2144,156873,,,,0
2001,"Oshawa (CY), Ontario",2021A00053518013,Persons,249,units,0,v1592182757,2145,144619,,,,0
2001,"Whitby (T), Ontario",2021A00053518009,Persons,249,units,0,v1592182756,2149,91396,,,,0
2001,"Milton (T), Ontario",2021A00053524009,Persons,249,units,0,v1592182795,2152,33162,,,,0
2001,"Ajax (T), Ontario",2021A00053518005,Persons,249,units,0,v1592182755,2154,77080,,,,0
2001,"Clarington (MU), Ontario",2021A00053518017,Persons,249,units,0,v1592182758,2159,72765,,,,0
2001,"Pickering (CY), Ontario",2021A00053518001,Persons,249,units,0,v1592182754,2160,90552,,,,0
2001,"Newmarket (T), Ontario",2021A00053519048,Persons,249,units,0,v1592182768,2162,68688,,,,0
2001,"Caledon (T), Ontario",2021A00053521024,Persons,249,units,0,v1592182776,2165,52639,,,,0
2001,"Halton Hills (T), Ontario",2021A00053524015,Persons,249,units,0,v1592182796,2169,50268,,,,0
2001,"Aurora (T), Ontario",2021A00053519046,Persons,249,units,0,v1592182767,2170,41923,,,,0
2001,"Whitchurch-Stouffville (T), Ontario",2021A00053519044,Persons,249,units,0,v1592182766,2174,22892,,,,0
2001,"Georgina (T), Ontario",2021A00053519070,Persons,249,units,0,v1592182771,2177,40919,,,,0
2001,"East Gwillimbury (T), Ontario",2021A00053519054,Persons,249,units,0,v1592182770,2187,21357,,,,0
2001,"King (TP), Ontario",2021A00053519049,Persons,249,units,0,v1592182769,2196,19229,,,,0
2001,"Scugog (TP), Ontario",2021A00053518020,Persons,249,units,0,v1592182759,2212,20909,,,,0
2001,"Uxbridge (TP), Ontario",2021A00053518029,Persons,249,units,0,v1592182761,2214,18024,,,,0
2001,"Brock (TP), Ontario",2021A00053518039,Persons,249,units,0,v1592182762,2255,12517,,,,0
2002,Canada,2021A00001124,Persons,249,units,0,v1592180531,1,31359199,,,,0
2002,Ontario,2021A000235,Persons,249,units,0,v1592180537,2130,12093412,,,,0
2002,"Toronto (C), Ontario",2021A00053520005,Persons,249,units,0,v1592182773,2132,2603655,,,,0
2002,"Mississauga (CY), Ontario",2021A00053521005,Persons,249,units,0,v1592182774,2134,654694,,,,0
2002,"Brampton (CY), Ontario",2021A00053521010,Persons,249,units,0,v1592182775,2135,365476,,,,0
2002,"Markham (CY), Ontario",2021A00053519036,Persons,249,units,0,v1592182764,2138,231802,,,,0
2002,"Vaughan (CY), Ontario",2021A00053519028,Persons,249,units,0,v1592182763,2139,205617,,,,0
2002,"Oakville (T), Ontario",2021A00053524001,Persons,249,units,0,v1592182793,2142,154873,,,,0
2002,"Richmond Hill (T), Ontario",2021A00053519038,Persons,249,units,0,v1592182765,2143,146528,,,,0
2002,"Burlington (CY), Ontario",2021A00053524002,Persons,249,units,0,v1592182794,2144,159585,,,,0
2002,"Oshawa (CY), Ontario",2021A00053518013,Persons,249,units,0,v1592182757,2145,144950,,,,0
2002,"Whitby (T), Ontario",2021A00053518009,Persons,249,units,0,v1592182756,2149,95900,,,,0
2002,"Milton (T), Ontario",2021A00053524009,Persons,249,units,0,v1592182795,2152,37319,,,,0
2002,"Ajax (T), Ontario",2021A00053518005,Persons,249,units,0,v1592182755,2154,80308,,,,0
2002,"Clarington (MU), Ontario",2021A00053518017,Persons,249,units,0,v1592182758,2159,74331,,,,0
2002,"Pickering (CY), Ontario",2021A00053518001,Persons,249,units,0,v1592182754,2160,90747,,,,0
2002,"Newmarket (T), Ontario",2021A00053519048,Persons,249,units,0,v1592182768,2162,71653,,,,0
2002,"Caledon (T), Ontario",2021A00053521024,Persons,249,units,0,v1592182776,2165,54357,,,,0
2002,"Halton Hills (T), Ontario",2021A00053524015,Persons,249,units,0,v1592182796,2169,51717,,,,0
2002,"Aurora (T), Ontario",2021A00053519046,Persons,249,units,0,v1592182767,2170,44160,,,,0
2002,"Whitchurch-Stouffville (T), Ontario",2021A00053519044,Persons,249,units,0,v1592182766,2174,23725,,,,0
2002,"Georgina (T), Ontario",2021A00053519070,Persons,249,units,0,v1592182771,2177,42265,,,,0
2002,"East Gwillimbury (T), Ontario",2021A00053519054,Persons,249,units,0,v1592182770,2187,21821,,,,0
2002,"King (TP), Ontario",2021A00053519049,Persons,249,units,0,v1592182769,2196,19697,,,,0
2002,"Scugog (TP), Ontario",2021A00053518020,Persons,249,units,0,v1592182759,2212,21152,,,,0
2002,"Uxbridge (TP), Ontario",2021A00053518029,Persons,249,units,0,v1592182761,2214,18384,,,,0
2002,"Brock (TP), Ontario",2021A00053518039,Persons,249,units,0,v1592182762,2255,12480,,,,0
2003,Canada,2021A00001124,Persons,249,units,0,v1592180531,1,31642461,,,,0
2003,Ontario,2021A000235,Persons,249,units,0,v1592180537,2130,12243641,,,,0
2003,"Toronto (C), Ontario",2021A00053520005,Persons,249,units,0,v1592182773,2132,2595755,,,,0
2003,"Mississauga (CY), Ontario",2021A00053521005,Persons,249,units,0,v1592182774,2134,667050,,,,0
2003,"Brampton (CY), Ontario",2021A00053521010,Persons,249,units,0,v1592182775,2135,387671,,,,0
2003,"Markham (CY), Ontario",2021A00053519036,Persons,249,units,0,v1592182764,2138,243408,,,,0
2003,"Vaughan (CY), Ontario",2021A00053519028,Persons,249,units,0,v1592182763,2139,217965,,,,0
2003,"Oakville (T), Ontario",2021A00053524001,Persons,249,units,0,v1592182793,2142,159083,,,,0
2003,"Richmond Hill (T), Ontario",2021A00053519038,Persons,249,units,0,v1592182765,2143,153445,,,,0
2003,"Burlington (CY), Ontario",2021A00053524002,Persons,249,units,0,v1592182794,2144,162264,,,,0
2003,"Oshawa (CY), Ontario",2021A00053518013,Persons,249,units,0,v1592182757,2145,145814,,,,0
2003,"Whitby (T), Ontario",2021A00053518009,Persons,249,units,0,v1592182756,2149,100803,,,,0
2003,"Milton (T), Ontario",2021A00053524009,Persons,249,units,0,v1592182795,2152,41608,,,,0
2003,"Ajax (T), Ontario",2021A00053518005,Persons,249,units,0,v1592182755,2154,83840,,,,0
2003,"Clarington (MU), Ontario",2021A00053518017,Persons,249,units,0,v1592182758,2159,76140,,,,0
2003,"Pickering (CY), Ontario",2021A00053518001,Persons,249,units,0,v1592182754,2160,91226,,,,0
2003,"Newmarket (T), Ontario",2021A00053519048,Persons,249,units,0,v1592182768,2162,73818,,,,0
2003,"Caledon (T), Ontario",2021A00053521024,Persons,249,units,0,v1592182776,2165,55794,,,,0
2003,"Halton Hills (T), Ontario",2021A00053524015,Persons,249,units,0,v1592182796,2169,53161,,,,0
2003,"Aurora (T), Ontario",2021A00053519046,Persons,249,units,0,v1592182767,2170,45945,,,,0
2003,"Whitchurch-Stouffville (T), Ontario",2021A00053519044,Persons,249,units,0,v1592182766,2174,24327,,,,0
2003,"Georgina (T), Ontario",2021A00053519070,Persons,249,units,0,v1592182771,2177,43138,,,,0
2003,"East Gwillimbury (T), Ontario",2021A00053519054,Persons,249,units,0,v1592182770,2187,22058,,,,0
2003,"King (TP), Ontario",2021A00053519049,Persons,249,units,0,v1592182769,2196,19985,,,,0
2003,"Scugog (TP), Ontario",2021A00053518020,Persons,249,units,0,v1592182759,2212,21448,,,,0
2003,"Uxbridge (TP), Ontario",2021A00053518029,Persons,249,units,0,v1592182761,2214,18789,,,,0
2003,"Brock (TP), Ontario",2021A00053518039,Persons,249,units,0,v1592182762,2255,12469,,,,0
2004,Canada,2021A00001124,Persons,249,units,0,v1592180531,1,31938807,,,,0
2004,Ontario,2021A000235,Persons,249,units,0,v1592180537,2130,12389641,,,,0
2004,"Toronto (C), Ontario",2021A00053520005,Persons,249,units,0,v1592182773,2132,2591737,,,,0
2004,"Mississauga (CY), Ontario",2021A00053521005,Persons,249,units,0,v1592182774,2134,679298,,,,0
2004,"Brampton (CY), Ontario",2021A00053521010,Persons,249,units,0,v1592182775,2135,410414,,,,0
2004,"Markham (CY), Ontario",2021A00053519036,Persons,249,units,0,v1592182764,2138,254168,,,,0
2004,"Vaughan (CY), Ontario",2021A00053519028,Persons,249,units,0,v1592182763,2139,229494,,,,0
2004,"Oakville (T), Ontario",2021A00053524001,Persons,249,units,0,v1592182793,2142,164017,,,,0
2004,"Richmond Hill (T), Ontario",2021A00053519038,Persons,249,units,0,v1592182765,2143,159737,,,,0
2004,"Burlington (CY), Ontario",2021A00053524002,Persons,249,units,0,v1592182794,2144,165705,,,,0
2004,"Oshawa (CY), Ontario",2021A00053518013,Persons,249,units,0,v1592182757,2145,146519,,,,0
2004,"Whitby (T), Ontario",2021A00053518009,Persons,249,units,0,v1592182756,2149,105815,,,,0
2004,"Milton (T), Ontario",2021A00053524009,Persons,249,units,0,v1592182795,2152,46287,,,,0
2004,"Ajax (T), Ontario",2021A00053518005,Persons,249,units,0,v1592182755,2154,87354,,,,0
2004,"Clarington (MU), Ontario",2021A00053518017,Persons,249,units,0,v1592182758,2159,77887,,,,0
2004,"Pickering (CY), Ontario",2021A00053518001,Persons,249,units,0,v1592182754,2160,91522,,,,0
2004,"Newmarket (T), Ontario",2021A00053519048,Persons,249,units,0,v1592182768,2162,75545,,,,0
2004,"Caledon (T), Ontario",2021A00053521024,Persons,249,units,0,v1592182776,2165,57193,,,,0
2004,"Halton Hills (T), Ontario",2021A00053524015,Persons,249,units,0,v1592182796,2169,54839,,,,0
2004,"Aurora (T), Ontario",2021A00053519046,Persons,249,units,0,v1592182767,2170,47466,,,,0
2004,"Whitchurch-Stouffville (T), Ontario",2021A00053519044,Persons,249,units,0,v1592182766,2174,24817,,,,0
2004,"Georgina (T), Ontario",2021A00053519070,Persons,249,units,0,v1592182771,2177,43771,,,,0
2004,"East Gwillimbury (T), Ontario",2021A00053519054,Persons,249,units,0,v1592182770,2187,22169,,,,0
2004,"King (TP), Ontario",2021A00053519049,Persons,249,units,0,v1592182769,2196,20190,,,,0
2004,"Scugog (TP), Ontario",2021A00053518020,Persons,249,units,0,v1592182759,2212,21739,,,,0
2004,"Uxbridge (TP), Ontario",2021A00053518029,Persons,249,units,0,v1592182761,2214,19184,,,,0
2004,"Brock (TP), Ontario",2021A00053518039,Persons,249,units,0,v1592182762,2255,12450,,,,0
2005,Canada,2021A00001124,Persons,249,units,0,v1592180531,1,32242732,,,,0
2005,Ontario,2021A000235,Persons,249,units,0,v1592180537,2130,12527581,,,,0
2005,"Toronto (C), Ontario",2021A00053520005,Persons,249,units,0,v1592182773,2132,2595326,,,,0
2005,"Mississauga (CY), Ontario",2021A00053521005,Persons,249,units,0,v1592182774,2134,690560,,,,0
2005,"Brampton (CY), Ontario",2021A00053521010,Persons,249,units,0,v1592182775,2135,433414,,,,0
2005,"Markham (CY), Ontario",2021A00053519036,Persons,249,units,0,v1592182764,2138,263390,,,,0
2005,"Vaughan (CY), Ontario",2021A00053519028,Persons,249,units,0,v1592182763,2139,239579,,,,0
2005,"Oakville (T), Ontario",2021A00053524001,Persons,249,units,0,v1592182793,2142,168510,,,,0
2005,"Richmond Hill (T), Ontario",2021A00053519038,Persons,249,units,0,v1592182765,2143,164880,,,,0
2005,"Burlington (CY), Ontario",2021A00053524002,Persons,249,units,0,v1592182794,2144,168655,,,,0
2005,"Oshawa (CY), Ontario",2021A00053518013,Persons,249,units,0,v1592182757,2145,146949,,,,0
2005,"Whitby (T), Ontario",2021A00053518009,Persons,249,units,0,v1592182756,2149,110841,,,,0
2005,"Milton (T), Ontario",2021A00053524009,Persons,249,units,0,v1592182795,2152,51239,,,,0
2005,"Ajax (T), Ontario",2021A00053518005,Persons,249,units,0,v1592182755,2154,90724,,,,0
2005,"Clarington (MU), Ontario",2021A00053518017,Persons,249,units,0,v1592182758,2159,79482,,,,0
2005,"Pickering (CY), Ontario",2021A00053518001,Persons,249,units,0,v1592182754,2160,91544,,,,0
2005,"Newmarket (T), Ontario",2021A00053519048,Persons,249,units,0,v1592182768,2162,76553,,,,0
2005,"Caledon (T), Ontario",2021A00053521024,Persons,249,units,0,v1592182776,2165,58516,,,,0
2005,"Halton Hills (T), Ontario",2021A00053524015,Persons,249,units,0,v1592182796,2169,56371,,,,0
2005,"Aurora (T), Ontario",2021A00053519046,Persons,249,units,0,v1592182767,2170,48585,,,,0
2005,"Whitchurch-Stouffville (T), Ontario",2021A00053519044,Persons,249,units,0,v1592182766,2174,25061,,,,0
2005,"Georgina (T), Ontario",2021A00053519070,Persons,249,units,0,v1592182771,2177,43962,,,,0
2005,"East Gwillimbury (T), Ontario",2021A00053519054,Persons,249,units,0,v1592182770,2187,22043,,,,0
2005,"King (TP), Ontario",2021A00053519049,Persons,249,units,0,v1592182769,2196,20216,,,,0
2005,"Scugog (TP), Ontario",2021A00053518020,Persons,249,units,0,v1592182759,2212,21996,,,,0
2005,"Uxbridge (TP), Ontario",2021A00053518029,Persons,249,units,0,v1592182761,2214,19540,,,,0
2005,"Brock (TP), Ontario",2021A00053518039,Persons,249,units,0,v1592182762,2255,12424,,,,0
2006,Canada,2021A00001124,Persons,249,units,0,v1592180531,1,32571193,,,,0
2006,Ontario,2021A000235,Persons,249,units,0,v1592180537,2130,12661953,,,,0
2006,"Toronto (C), Ontario",2021A00053520005,Persons,249,units,0,v1592182773,2132,2608715,,,,0
2006,"Mississauga (CY), Ontario",2021A00053521005,Persons,249,units,0,v1592182774,2134,697889,,,,0
2006,"Brampton (CY), Ontario",2021A00053521010,Persons,249,units,0,v1592182775,2135,456114,,,,0
2006,"Markham (CY), Ontario",2021A00053519036,Persons,249,units,0,v1592182764,2138,273609,,,,0
2006,"Vaughan (CY), Ontario",2021A00053519028,Persons,249,units,0,v1592182763,2139,249853,,,,0
2006,"Oakville (T), Ontario",2021A00053524001,Persons,249,units,0,v1592182793,2142,172345,,,,0
2006,"Richmond Hill (T), Ontario",2021A00053519038,Persons,249,units,0,v1592182765,2143,170325,,,,0
2006,"Burlington (CY), Ontario",2021A00053524002,Persons,249,units,0,v1592182794,2144,170876,,,,0
2006,"Oshawa (CY), Ontario",2021A00053518013,Persons,249,units,0,v1592182757,2145,147041,,,,0
2006,"Whitby (T), Ontario",2021A00053518009,Persons,249,units,0,v1592182756,2149,116170,,,,0
2006,"Milton (T), Ontario",2021A00053524009,Persons,249,units,0,v1592182795,2152,57099,,,,0
2006,"Ajax (T), Ontario",2021A00053518005,Persons,249,units,0,v1592182755,2154,94499,,,,0
2006,"Clarington (MU), Ontario",2021A00053518017,Persons,249,units,0,v1592182758,2159,81048,,,,0
2006,"Pickering (CY), Ontario",2021A00053518001,Persons,249,units,0,v1592182754,2160,91237,,,,0
2006,"Newmarket (T), Ontario",2021A00053519048,Persons,249,units,0,v1592182768,2162,77508,,,,0
2006,"Caledon (T), Ontario",2021A00053521024,Persons,249,units,0,v1592182776,2165,59464,,,,0
2006,"Halton Hills (T), Ontario",2021A00053524015,Persons,249,units,0,v1592182796,2169,57579,,,,0
2006,"Aurora (T), Ontario",2021A00053519046,Persons,249,units,0,v1592182767,2170,49564,,,,0
2006,"Whitchurch-Stouffville (T), Ontario",2021A00053519044,Persons,249,units,0,v1592182766,2174,25424,,,,0
2006,"Georgina (T), Ontario",2021A00053519070,Persons,249,units,0,v1592182771,2177,44075,,,,0
2006,"East Gwillimbury (T), Ontario",2021A00053519054,Persons,249,units,0,v1592182770,2187,21857,,,,0
2006,"King (TP), Ontario",2021A00053519049,Persons,249,units,0,v1592182769,2196,20093,,,,0
2006,"Scugog (TP), Ontario",2021A00053518020,Persons,249,units,0,v1592182759,2212,22195,,,,0
2006,"Uxbridge (TP), Ontario",2021A00053518029,Persons,249,units,0,v1592182761,2214,19878,,,,0
2006,"Brock (TP), Ontario",2021A00053518039,Persons,249,units,0,v1592182762,2255,12358,,,,0
2007,Canada,2021A00001124,Persons,249,units,0,v1592180531,1,32888886,,,,0
2007,Ontario,2021A000235,Persons,249,units,0,v1592180537,2130,12765133,,,,0
2007,"Toronto (C), Ontario",2021A00053520005,Persons,249,units,0,v1592182773,2132,2613670,,,,0
2007,"Mississauga (CY), Ontario",2021A00053521005,Persons,249,units,0,v1592182774,2134,707544,,,,0
2007,"Brampton (CY), Ontario",2021A00053521010,Persons,249,units,0,v1592182775,2135,476703,,,,0
2007,"Markham (CY), Ontario",2021A00053519036,Persons,249,units,0,v1592182764,2138,282968,,,,0
2007,"Vaughan (CY), Ontario",2021A00053519028,Persons,249,units,0,v1592182763,2139,259718,,,,0
2007,"Oakville (T), Ontario",2021A00053524001,Persons,249,units,0,v1592182793,2142,176233,,,,0
2007,"Richmond Hill (T), Ontario",2021A00053519038,Persons,249,units,0,v1592182765,2143,177244,,,,0
2007,"Burlington (CY), Ontario",2021A00053524002,Persons,249,units,0,v1592182794,2144,171989,,,,0
2007,"Oshawa (CY), Ontario",2021A00053518013,Persons,249,units,0,v1592182757,2145,147099,,,,0
2007,"Whitby (T), Ontario",2021A00053518009,Persons,249,units,0,v1592182756,2149,118582,,,,0
2007,"Milton (T), Ontario",2021A00053524009,Persons,249,units,0,v1592182795,2152,61763,,,,0
2007,"Ajax (T), Ontario",2021A00053518005,Persons,249,units,0,v1592182755,2154,99929,,,,0
2007,"Clarington (MU), Ontario",2021A00053518017,Persons,249,units,0,v1592182758,2159,82469,,,,0
2007,"Pickering (CY), Ontario",2021A00053518001,Persons,249,units,0,v1592182754,2160,91326,,,,0
2007,"Newmarket (T), Ontario",2021A00053519048,Persons,249,units,0,v1592182768,2162,78271,,,,0
2007,"Caledon (T), Ontario",2021A00053521024,Persons,249,units,0,v1592182776,2165,60355,,,,0
2007,"Halton Hills (T), Ontario",2021A00053524015,Persons,249,units,0,v1592182796,2169,58290,,,,0
2007,"Aurora (T), Ontario",2021A00053519046,Persons,249,units,0,v1592182767,2170,50464,,,,0
2007,"Whitchurch-Stouffville (T), Ontario",2021A00053519044,Persons,249,units,0,v1592182766,2174,28020,,,,0
2007,"Georgina (T), Ontario",2021A00053519070,Persons,249,units,0,v1592182771,2177,43980,,,,0
2007,"East Gwillimbury (T), Ontario",2021A00053519054,Persons,249,units,0,v1592182770,2187,21995,,,,0
2007,"King (TP), Ontario",2021A00053519049,Persons,249,units,0,v1592182769,2196,20017,,,,0
2007,"Scugog (TP), Ontario",2021A00053518020,Persons,249,units,0,v1592182759,2212,22261,,,,0
2007,"Uxbridge (TP), Ontario",2021A00053518029,Persons,249,units,0,v1592182761,2214,20319,,,,0
2007,"Brock (TP), Ontario",2021A00053518039,Persons,249,units,0,v1592182762,2255,12093,,,,0
2008,Canada,2021A00001124,Persons,249,units,0,v1592180531,1,33247298,,,,0
2008,Ontario,2021A000235,Persons,249,units,0,v1592180537,2130,12883824,,,,0
2008,"Toronto (C), Ontario",2021A00053520005,Persons,249,units,0,v1592182773,2132,2626790,,,,0
2008,"Mississauga (CY), Ontario",2021A00053521005,Persons,249,units,0,v1592182774,2134,714980,,,,0
2008,"Brampton (CY), Ontario",2021A00053521010,Persons,249,units,0,v1592182775,2135,496543,,,,0
2008,"Markham (CY), Ontario",2021A00053519036,Persons,249,units,0,v1592182764,2138,291462,,,,0
2008,"Vaughan (CY), Ontario",2021A00053519028,Persons,249,units,0,v1592182763,2139,270544,,,,0
2008,"Oakville (T), Ontario",2021A00053524001,Persons,249,units,0,v1592182793,2142,180322,,,,0
2008,"Richmond Hill (T), Ontario",2021A00053519038,Persons,249,units,0,v1592182765,2143,181783,,,,0
2008,"Burlington (CY), Ontario",2021A00053524002,Persons,249,units,0,v1592182794,2144,173570,,,,0
2008,"Oshawa (CY), Ontario",2021A00053518013,Persons,249,units,0,v1592182757,2145,148657,,,,0
2008,"Whitby (T), Ontario",2021A00053518009,Persons,249,units,0,v1592182756,2149,120573,,,,0
2008,"Milton (T), Ontario",2021A00053524009,Persons,249,units,0,v1592182795,2152,67601,,,,0
2008,"Ajax (T), Ontario",2021A00053518005,Persons,249,units,0,v1592182755,2154,104212,,,,0
2008,"Clarington (MU), Ontario",2021A00053518017,Persons,249,units,0,v1592182758,2159,83477,,,,0
2008,"Pickering (CY), Ontario",2021A00053518001,Persons,249,units,0,v1592182754,2160,91399,,,,0
2008,"Newmarket (T), Ontario",2021A00053519048,Persons,249,units,0,v1592182768,2162,79126,,,,0
2008,"Caledon (T), Ontario",2021A00053521024,Persons,249,units,0,v1592182776,2165,60689,,,,0
2008,"Halton Hills (T), Ontario",2021A00053524015,Persons,249,units,0,v1592182796,2169,59044,,,,0
2008,"Aurora (T), Ontario",2021A00053519046,Persons,249,units,0,v1592182767,2170,51149,,,,0
2008,"Whitchurch-Stouffville (T), Ontario",2021A00053519044,Persons,249,units,0,v1592182766,2174,30396,,,,0
2008,"Georgina (T), Ontario",2021A00053519070,Persons,249,units,0,v1592182771,2177,44221,,,,0
2008,"East Gwillimbury (T), Ontario",2021A00053519054,Persons,249,units,0,v1592182770,2187,22122,,,,0
2008,"King (TP), Ontario",2021A00053519049,Persons,249,units,0,v1592182769,2196,20055,,,,0
2008,"Scugog (TP), Ontario",2021A00053518020,Persons,249,units,0,v1592182759,2212,22306,,,,0
2008,"Uxbridge (TP), Ontario",2021A00053518029,Persons,249,units,0,v1592182761,2214,20640,,,,0
2008,"Brock (TP), Ontario",2021A00053518039,Persons,249,units,0,v1592182762,2255,11937,,,,0
2009,Canada,2021A00001124,Persons,249,units,0,v1592180531,1,33630069,,,,0
2009,Ontario,2021A000235,Persons,249,units,0,v1592180537,2130,12998941,,,,0
2009,"Toronto (C), Ontario",2021A00053520005,Persons,249,units,0,v1592182773,2132,2648782,,,,0
2009,"Mississauga (CY), Ontario",2021A00053521005,Persons,249,units,0,v1592182774,2134,723084,,,,0
2009,"Brampton (CY), Ontario",2021A00053521010,Persons,249,units,0,v1592182775,2135,511379,,,,0
2009,"Markham (CY), Ontario",2021A00053519036,Persons,249,units,0,v1592182764,2138,299759,,,,0
2009,"Vaughan (CY), Ontario",2021A00053519028,Persons,249,units,0,v1592182763,2139,279858,,,,0
2009,"Oakville (T), Ontario",2021A00053524001,Persons,249,units,0,v1592182793,2142,183796,,,,0
2009,"Richmond Hill (T), Ontario",2021A00053519038,Persons,249,units,0,v1592182765,2143,185114,,,,0
2009,"Burlington (CY), Ontario",2021A00053524002,Persons,249,units,0,v1592182794,2144,174992,,,,0
2009,"Oshawa (CY), Ontario",2021A00053518013,Persons,249,units,0,v1592182757,2145,149735,,,,0
2009,"Whitby (T), Ontario",2021A00053518009,Persons,249,units,0,v1592182756,2149,122972,,,,0
2009,"Milton (T), Ontario",2021A00053524009,Persons,249,units,0,v1592182795,2152,75615,,,,0
2009,"Ajax (T), Ontario",2021A00053518005,Persons,249,units,0,v1592182755,2154,107182,,,,0
2009,"Clarington (MU), Ontario",2021A00053518017,Persons,249,units,0,v1592182758,2159,84512,,,,0
2009,"Pickering (CY), Ontario",2021A00053518001,Persons,249,units,0,v1592182754,2160,91172,,,,0
2009,"Newmarket (T), Ontario",2021A00053519048,Persons,249,units,0,v1592182768,2162,80273,,,,0
2009,"Caledon (T), Ontario",2021A00053521024,Persons,249,units,0,v1592182776,2165,60265,,,,0
2009,"Halton Hills (T), Ontario",2021A00053524015,Persons,249,units,0,v1592182796,2169,59539,,,,0
2009,"Aurora (T), Ontario",2021A00053519046,Persons,249,units,0,v1592182767,2170,52235,,,,0
2009,"Whitchurch-Stouffville (T), Ontario",2021A00053519044,Persons,249,units,0,v1592182766,2174,32801,,,,0
2009,"Georgina (T), Ontario",2021A00053519070,Persons,249,units,0,v1592182771,2177,44174,,,,0
2009,"East Gwillimbury (T), Ontario",2021A00053519054,Persons,249,units,0,v1592182770,2187,22336,,,,0
2009,"King (TP), Ontario",2021A00053519049,Persons,249,units,0,v1592182769,2196,19995,,,,0
2009,"Scugog (TP), Ontario",2021A00053518020,Persons,249,units,0,v1592182759,2212,22285,,,,0
2009,"Uxbridge (TP), Ontario",2021A00053518029,Persons,249,units,0,v1592182761,2214,20960,,,,0
2009,"Brock (TP), Ontario",2021A00053518039,Persons,249,units,0,v1592182762,2255,11845,,,,0
2010,Canada,2021A00001124,Persons,249,units,0,v1592180531,1,34005902,,,,0
2010,Ontario,2021A000235,Persons,249,units,0,v1592180537,2130,13136481,,,,0
2010,"Toronto (C), Ontario",2021A00053520005,Persons,249,units,0,v1592182773,2132,2674738,,,,0
2010,"Mississauga (CY), Ontario",2021A00053521005,Persons,249,units,0,v1592182774,2134,730640,,,,0
2010,"Brampton (CY), Ontario",2021A00053521010,Persons,249,units,0,v1592182775,2135,526854,,,,0
2010,"Markham (CY), Ontario",2021A00053519036,Persons,249,units,0,v1592182764,2138,306833,,,,0
2010,"Vaughan (CY), Ontario",2021A00053519028,Persons,249,units,0,v1592182763,2139,290582,,,,0
2010,"Oakville (T), Ontario",2021A00053524001,Persons,249,units,0,v1592182793,2142,185996,,,,0
2010,"Richmond Hill (T), Ontario",2021A00053519038,Persons,249,units,0,v1592182765,2143,188397,,,,0
2010,"Burlington (CY), Ontario",2021A00053524002,Persons,249,units,0,v1592182794,2144,178580,,,,0
2010,"Oshawa (CY), Ontario",2021A00053518013,Persons,249,units,0,v1592182757,2145,152387,,,,0
2010,"Whitby (T), Ontario",2021A00053518009,Persons,249,units,0,v1592182756,2149,124545,,,,0
2010,"Milton (T), Ontario",2021A00053524009,Persons,249,units,0,v1592182795,2152,81970,,,,0
2010,"Ajax (T), Ontario",2021A00053518005,Persons,249,units,0,v1592182755,2154,110650,,,,0
2010,"Clarington (MU), Ontario",2021A00053518017,Persons,249,units,0,v1592182758,2159,85798,,,,0
2010,"Pickering (CY), Ontario",2021A00053518001,Persons,249,units,0,v1592182754,2160,91226,,,,0
2010,"Newmarket (T), Ontario",2021A00053519048,Persons,249,units,0,v1592182768,2162,81537,,,,0
2010,"Caledon (T), Ontario",2021A00053521024,Persons,249,units,0,v1592182776,2165,60733,,,,0
2010,"Halton Hills (T), Ontario",2021A00053524015,Persons,249,units,0,v1592182796,2169,60224,,,,0
2010,"Aurora (T), Ontario",2021A00053519046,Persons,249,units,0,v1592182767,2170,53731,,,,0
2010,"Whitchurch-Stouffville (T), Ontario",2021A00053519044,Persons,249,units,0,v1592182766,2174,35752,,,,0
2010,"Georgina (T), Ontario",2021A00053519070,Persons,249,units,0,v1592182771,2177,44515,,,,0
2010,"East Gwillimbury (T), Ontario",2021A00053519054,Persons,249,units,0,v1592182770,2187,22576,,,,0
2010,"King (TP), Ontario",2021A00053519049,Persons,249,units,0,v1592182769,2196,20128,,,,0
2010,"Scugog (TP), Ontario",2021A00053518020,Persons,249,units,0,v1592182759,2212,22163,,,,0
2010,"Uxbridge (TP), Ontario",2021A00053518029,Persons,249,units,0,v1592182761,2214,21136,,,,0
2010,"Brock (TP), Ontario",2021A00053518039,Persons,249,units,0,v1592182762,2255,11724,,,,0
2011,Canada,2021A00001124,Persons,249,units,0,v1592180531,1,34339221,,,,0
2011,Ontario,2021A000235,Persons,249,units,0,v1592180537,2130,13262345,,,,0
2011,"Toronto (C), Ontario",2021A00053520005,Persons,249,units,0,v1592182773,2132,2704692,,,,0
2011,"Mississauga (CY), Ontario",2021A00053521005,Persons,249,units,0,v1592182774,2134,735775,,,,0
2011,"Brampton (CY), Ontario",2021A00053521010,Persons,249,units,0,v1592182775,2135,542697,,,,0
2011,"Markham (CY), Ontario",2021A00053519036,Persons,249,units,0,v1592182764,2138,311373,,,,0
2011,"Vaughan (CY), Ontario",2021A00053519028,Persons,249,units,0,v1592182763,2139,297864,,,,0
2011,"Oakville (T), Ontario",2021A00053524001,Persons,249,units,0,v1592182793,2142,187762,,,,0
2011,"Richmond Hill (T), Ontario",2021A00053519038,Persons,249,units,0,v1592182765,2143,191405,,,,0
2011,"Burlington (CY), Ontario",2021A00053524002,Persons,249,units,0,v1592182794,2144,180964,,,,0
2011,"Oshawa (CY), Ontario",2021A00053518013,Persons,249,units,0,v1592182757,2145,154251,,,,0
2011,"Whitby (T), Ontario",2021A00053518009,Persons,249,units,0,v1592182756,2149,125832,,,,0
2011,"Milton (T), Ontario",2021A00053524009,Persons,249,units,0,v1592182795,2152,87938,,,,0
2011,"Ajax (T), Ontario",2021A00053518005,Persons,249,units,0,v1592182755,2154,113315,,,,0
2011,"Clarington (MU), Ontario",2021A00053518017,Persons,249,units,0,v1592182758,2159,87244,,,,0
2011,"Pickering (CY), Ontario",2021A00053518001,Persons,249,units,0,v1592182754,2160,91269,,,,0
2011,"Newmarket (T), Ontario",2021A00053519048,Persons,249,units,0,v1592182768,2162,82440,,,,0
2011,"Caledon (T), Ontario",2021A00053521024,Persons,249,units,0,v1592182776,2165,61166,,,,0
2011,"Halton Hills (T), Ontario",2021A00053524015,Persons,249,units,0,v1592182796,2169,60666,,,,0
2011,"Aurora (T), Ontario",2021A00053519046,Persons,249,units,0,v1592182767,2170,54870,,,,0
2011,"Whitchurch-Stouffville (T), Ontario",2021A00053519044,Persons,249,units,0,v1592182766,2174,39139,,,,0
2011,"Georgina (T), Ontario",2021A00053519070,Persons,249,units,0,v1592182771,2177,44780,,,,0
2011,"East Gwillimbury (T), Ontario",2021A00053519054,Persons,249,units,0,v1592182770,2187,23183,,,,0
2011,"King (TP), Ontario",2021A00053519049,Persons,249,units,0,v1592182769,2196,20476,,,,0
2011,"Scugog (TP), Ontario",2021A00053518020,Persons,249,units,0,v1592182759,2212,22108,,,,0
2011,"Uxbridge (TP), Ontario",2021A00053518029,Persons,249,units,0,v1592182761,2214,21161,,,,0
2011,"Brock (TP), Ontario",2021A00053518039,Persons,249,units,0,v1592182762,2255,11624,,,,0
2012,Canada,2021A00001124,Persons,249,units,0,v1592180531,1,34713395,,,,0
2012,Ontario,2021A000235,Persons,249,units,0,v1592180537,2130,13392364,,,,0
2012,"Toronto (C), Ontario",2021A00053520005,Persons,249,units,0,v1592182773,2132,2737041,,,,0
2012,"Mississauga (CY), Ontario",2021A00053521005,Persons,249,units,0,v1592182774,2134,738866,,,,0
2012,"Brampton (CY), Ontario",2021A00053521010,Persons,249,units,0,v1592182775,2135,555819,,,,0
2012,"Markham (CY), Ontario",2021A00053519036,Persons,249,units,0,v1592182764,2138,318023,,,,0
2012,"Vaughan (CY), Ontario",2021A00053519028,Persons,249,units,0,v1592182763,2139,304194,,,,0
2012,"Oakville (T), Ontario",2021A00053524001,Persons,249,units,0,v1592182793,2142,189868,,,,0
2012,"Richmond Hill (T), Ontario",2021A00053519038,Persons,249,units,0,v1592182765,2143,194031,,,,0
2012,"Burlington (CY), Ontario",2021A00053524002,Persons,249,units,0,v1592182794,2144,183128,,,,0
2012,"Oshawa (CY), Ontario",2021A00053518013,Persons,249,units,0,v1592182757,2145,155328,,,,0
2012,"Whitby (T), Ontario",2021A00053518009,Persons,249,units,0,v1592182756,2149,128181,,,,0
2012,"Milton (T), Ontario",2021A00053524009,Persons,249,units,0,v1592182795,2152,93747,,,,0
2012,"Ajax (T), Ontario",2021A00053518005,Persons,249,units,0,v1592182755,2154,115512,,,,0
2012,"Clarington (MU), Ontario",2021A00053518017,Persons,249,units,0,v1592182758,2159,88996,,,,0
2012,"Pickering (CY), Ontario",2021A00053518001,Persons,249,units,0,v1592182754,2160,91633,,,,0
2012,"Newmarket (T), Ontario",2021A00053519048,Persons,249,units,0,v1592182768,2162,83474,,,,0
2012,"Caledon (T), Ontario",2021A00053521024,Persons,249,units,0,v1592182776,2165,62343,,,,0
2012,"Halton Hills (T), Ontario",2021A00053524015,Persons,249,units,0,v1592182796,2169,60949,,,,0
2012,"Aurora (T), Ontario",2021A00053519046,Persons,249,units,0,v1592182767,2170,55019,,,,0
2012,"Whitchurch-Stouffville (T), Ontario",2021A00053519044,Persons,249,units,0,v1592182766,2174,41742,,,,0
2012,"Georgina (T), Ontario",2021A00053519070,Persons,249,units,0,v1592182771,2177,45058,,,,0
2012,"East Gwillimbury (T), Ontario",2021A00053519054,Persons,249,units,0,v1592182770,2187,23225,,,,0
2012,"King (TP), Ontario",2021A00053519049,Persons,249,units,0,v1592182769,2196,20960,,,,0
2012,"Scugog (TP), Ontario",2021A00053518020,Persons,249,units,0,v1592182759,2212,22205,,,,0
2012,"Uxbridge (TP), Ontario",2021A00053518029,Persons,249,units,0,v1592182761,2214,21343,,,,0
2012,"Brock (TP), Ontario",2021A00053518039,Persons,249,units,0,v1592182762,2255,11597,,,,0
2013,Canada,2021A00001124,Persons,249,units,0,v1592180531,1,35080992,,,,0
2013,Ontario,2021A000235,Persons,249,units,0,v1592180537,2130,13511902,,,,0
2013,"Toronto (C), Ontario",2021A00053520005,Persons,249,units,0,v1592182773,2132,2764175,,,,0
2013,"Mississauga (CY), Ontario",2021A00053521005,Persons,249,units,0,v1592182774,2134,741424,,,,0
2013,"Brampton (CY), Ontario",2021A00053521010,Persons,249,units,0,v1592182775,2135,569427,,,,0
2013,"Markham (CY), Ontario",2021A00053519036,Persons,249,units,0,v1592182764,2138,325250,,,,0
2013,"Vaughan (CY), Ontario",2021A00053519028,Persons,249,units,0,v1592182763,2139,308495,,,,0
2013,"Oakville (T), Ontario",2021A00053524001,Persons,249,units,0,v1592182793,2142,192159,,,,0
2013,"Richmond Hill (T), Ontario",2021A00053519038,Persons,249,units,0,v1592182765,2143,196609,,,,0
2013,"Burlington (CY), Ontario",2021A00053524002,Persons,249,units,0,v1592182794,2144,184379,,,,0
2013,"Oshawa (CY), Ontario",2021A00053518013,Persons,249,units,0,v1592182757,2145,157389,,,,0
2013,"Whitby (T), Ontario",2021A00053518009,Persons,249,units,0,v1592182756,2149,129411,,,,0
2013,"Milton (T), Ontario",2021A00053524009,Persons,249,units,0,v1592182795,2152,100193,,,,0
2013,"Ajax (T), Ontario",2021A00053518005,Persons,249,units,0,v1592182755,2154,117655,,,,0
2013,"Clarington (MU), Ontario",2021A00053518017,Persons,249,units,0,v1592182758,2159,90320,,,,0
2013,"Pickering (CY), Ontario",2021A00053518001,Persons,249,units,0,v1592182754,2160,92529,,,,0
2013,"Newmarket (T), Ontario",2021A00053519048,Persons,249,units,0,v1592182768,2162,85047,,,,0
2013,"Caledon (T), Ontario",2021A00053521024,Persons,249,units,0,v1592182776,2165,63593,,,,0
2013,"Halton Hills (T), Ontario",2021A00053524015,Persons,249,units,0,v1592182796,2169,61343,,,,0
2013,"Aurora (T), Ontario",2021A00053519046,Persons,249,units,0,v1592182767,2170,55090,,,,0
2013,"Whitchurch-Stouffville (T), Ontario",2021A00053519044,Persons,249,units,0,v1592182766,2174,43638,,,,0
2013,"Georgina (T), Ontario",2021A00053519070,Persons,249,units,0,v1592182771,2177,45405,,,,0
2013,"East Gwillimbury (T), Ontario",2021A00053519054,Persons,249,units,0,v1592182770,2187,23282,,,,0
2013,"King (TP), Ontario",2021A00053519049,Persons,249,units,0,v1592182769,2196,21896,,,,0
2013,"Scugog (TP), Ontario",2021A00053518020,Persons,249,units,0,v1592182759,2212,22257,,,,0
2013,"Uxbridge (TP), Ontario",2021A00053518029,Persons,249,units,0,v1592182761,2214,21493,,,,0
2013,"Brock (TP), Ontario",2021A00053518039,Persons,249,units,0,v1592182762,2255,11675,,,,0
2014,Canada,2021A00001124,Persons,249,units,0,v1592180531,1,35434066,,,,0
2014,Ontario,2021A000235,Persons,249,units,0,v1592180537,2130,13617763,,,,0
2014,"Toronto (C), Ontario",2021A00053520005,Persons,249,units,0,v1592182773,2132,2788656,,,,0
2014,"Mississauga (CY), Ontario",2021A00053521005,Persons,249,units,0,v1592182774,2134,740041,,,,0
2014,"Brampton (CY), Ontario",2021A00053521010,Persons,249,units,0,v1592182775,2135,582090,,,,0
2014,"Markham (CY), Ontario",2021A00053519036,Persons,249,units,0,v1592182764,2138,331712,,,,0
2014,"Vaughan (CY), Ontario",2021A00053519028,Persons,249,units,0,v1592182763,2139,311060,,,,0
2014,"Oakville (T), Ontario",2021A00053524001,Persons,249,units,0,v1592182793,2142,194112,,,,0
2014,"Richmond Hill (T), Ontario",2021A00053519038,Persons,249,units,0,v1592182765,2143,198822,,,,0
2014,"Burlington (CY), Ontario",2021A00053524002,Persons,249,units,0,v1592182794,2144,185546,,,,0
2014,"Oshawa (CY), Ontario",2021A00053518013,Persons,249,units,0,v1592182757,2145,159162,,,,0
2014,"Whitby (T), Ontario",2021A00053518009,Persons,249,units,0,v1592182756,2149,130903,,,,0
2014,"Milton (T), Ontario",2021A00053524009,Persons,249,units,0,v1592182795,2152,105609,,,,0
2014,"Ajax (T), Ontario",2021A00053518005,Persons,249,units,0,v1592182755,2154,119681,,,,0
2014,"Clarington (MU), Ontario",2021A00053518017,Persons,249,units,0,v1592182758,2159,91648,,,,0
2014,"Pickering (CY), Ontario",2021A00053518001,Persons,249,units,0,v1592182754,2160,92953,,,,0
2014,"Newmarket (T), Ontario",2021A00053519048,Persons,249,units,0,v1592182768,2162,86056,,,,0
2014,"Caledon (T), Ontario",2021A00053521024,Persons,249,units,0,v1592182776,2165,65219,,,,0
2014,"Halton Hills (T), Ontario",2021A00053524015,Persons,249,units,0,v1592182796,2169,61837,,,,0
2014,"Aurora (T), Ontario",2021A00053519046,Persons,249,units,0,v1592182767,2170,55096,,,,0
2014,"Whitchurch-Stouffville (T), Ontario",2021A00053519044,Persons,249,units,0,v1592182766,2174,44934,,,,0
2014,"Georgina (T), Ontario",2021A00053519070,Persons,249,units,0,v1592182771,2177,45554,,,,0
2014,"East Gwillimbury (T), Ontario",2021A00053519054,Persons,249,units,0,v1592182770,2187,23637,,,,0
2014,"King (TP), Ontario",2021A00053519049,Persons,249,units,0,v1592182769,2196,23114,,,,0
2014,"Scugog (TP), Ontario",2021A00053518020,Persons,249,units,0,v1592182759,2212,22126,,,,0
2014,"Uxbridge (TP), Ontario",2021A00053518029,Persons,249,units,0,v1592182761,2214,21509,,,,0
2014,"Brock (TP), Ontario",2021A00053518039,Persons,249,units,0,v1592182762,2255,11707,,,,0
2015,Canada,2021A00001124,Persons,249,units,0,v1592180531,1,35704498,,,,0
2015,Ontario,2021A000235,Persons,249,units,0,v1592180537,2130,13709293,,,,0
2015,"Toronto (C), Ontario",2021A00053520005,Persons,249,units,0,v1592182773,2132,2800240,,,,0
2015,"Mississauga (CY), Ontario",2021A00053521005,Persons,249,units,0,v1592182774,2134,738232,,,,0
2015,"Brampton (CY), Ontario",2021A00053521010,Persons,249,units,0,v1592182775,2135,596008,,,,0
2015,"Markham (CY), Ontario",2021A00053519036,Persons,249,units,0,v1592182764,2138,335813,,,,0
2015,"Vaughan (CY), Ontario",2021A00053519028,Persons,249,units,0,v1592182763,2139,313124,,,,0
2015,"Oakville (T), Ontario",2021A00053524001,Persons,249,units,0,v1592182793,2142,196442,,,,0
2015,"Richmond Hill (T), Ontario",2021A00053519038,Persons,249,units,0,v1592182765,2143,199920,,,,0
2015,"Burlington (CY), Ontario",2021A00053524002,Persons,249,units,0,v1592182794,2144,186615,,,,0
2015,"Oshawa (CY), Ontario",2021A00053518013,Persons,249,units,0,v1592182757,2145,161270,,,,0
2015,"Whitby (T), Ontario",2021A00053518009,Persons,249,units,0,v1592182756,2149,131374,,,,0
2015,"Milton (T), Ontario",2021A00053524009,Persons,249,units,0,v1592182795,2152,109909,,,,0
2015,"Ajax (T), Ontario",2021A00053518005,Persons,249,units,0,v1592182755,2154,122017,,,,0
2015,"Clarington (MU), Ontario",2021A00053518017,Persons,249,units,0,v1592182758,2159,93125,,,,0
2015,"Pickering (CY), Ontario",2021A00053518001,Persons,249,units,0,v1592182754,2160,93703,,,,0
2015,"Newmarket (T), Ontario",2021A00053519048,Persons,249,units,0,v1592182768,2162,86110,,,,0
2015,"Caledon (T), Ontario",2021A00053521024,Persons,249,units,0,v1592182776,2165,66229,,,,0
2015,"Halton Hills (T), Ontario",2021A00053524015,Persons,249,units,0,v1592182796,2169,62282,,,,0
2015,"Aurora (T), Ontario",2021A00053519046,Persons,249,units,0,v1592182767,2170,55632,,,,0
2015,"Whitchurch-Stouffville (T), Ontario",2021A00053519044,Persons,249,units,0,v1592182766,2174,45790,,,,0
2015,"Georgina (T), Ontario",2021A00053519070,Persons,249,units,0,v1592182771,2177,46000,,,,0
2015,"East Gwillimbury (T), Ontario",2021A00053519054,Persons,249,units,0,v1592182770,2187,24237,,,,0
2015,"King (TP), Ontario",2021A00053519049,Persons,249,units,0,v1592182769,2196,24325,,,,0
2015,"Scugog (TP), Ontario",2021A00053518020,Persons,249,units,0,v1592182759,2212,22169,,,,0
2015,"Uxbridge (TP), Ontario",2021A00053518029,Persons,249,units,0,v1592182761,2214,21850,,,,0
2015,"Brock (TP), Ontario",2021A00053518039,Persons,249,units,0,v1592182762,2255,11803,,,,0
2016,Canada,2021A00001124,Persons,249,units,0,v1592180531,1,36110803,,,,0
2016,Ontario,2021A000235,Persons,249,units,0,v1592180537,2130,13876500,,,,0
2016,"Toronto (C), Ontario",2021A00053520005,Persons,249,units,0,v1592182773,2132,2822610,,,,0
2016,"Mississauga (CY), Ontario",2021A00053521005,Persons,249,units,0,v1592182774,2134,744011,,,,0
2016,"Brampton (CY), Ontario",2021A00053521010,Persons,249,units,0,v1592182775,2135,615190,,,,0
2016,"Markham (CY), Ontario",2021A00053519036,Persons,249,units,0,v1592182764,2138,338936,,,,0
2016,"Vaughan (CY), Ontario",2021A00053519028,Persons,249,units,0,v1592182763,2139,315669,,,,0
2016,"Oakville (T), Ontario",2021A00053524001,Persons,249,units,0,v1592182793,2142,199674,,,,0
2016,"Richmond Hill (T), Ontario",2021A00053519038,Persons,249,units,0,v1592182765,2143,200677,,,,0
2016,"Burlington (CY), Ontario",2021A00053524002,Persons,249,units,0,v1592182794,2144,188512,,,,0
2016,"Oshawa (CY), Ontario",2021A00053518013,Persons,249,units,0,v1592182757,2145,164738,,,,0
2016,"Whitby (T), Ontario",2021A00053518009,Persons,249,units,0,v1592182756,2149,132335,,,,0
2016,"Milton (T), Ontario",2021A00053524009,Persons,249,units,0,v1592182795,2152,114355,,,,0
2016,"Ajax (T), Ontario",2021A00053518005,Persons,249,units,0,v1592182755,2154,123693,,,,0
2016,"Clarington (MU), Ontario",2021A00053518017,Persons,249,units,0,v1592182758,2159,95099,,,,0
2016,"Pickering (CY), Ontario",2021A00053518001,Persons,249,units,0,v1592182754,2160,94605,,,,0
2016,"Newmarket (T), Ontario",2021A00053519048,Persons,249,units,0,v1592182768,2162,86790,,,,0
2016,"Caledon (T), Ontario",2021A00053521024,Persons,249,units,0,v1592182776,2165,68896,,,,0
2016,"Halton Hills (T), Ontario",2021A00053524015,Persons,249,units,0,v1592182796,2169,62992,,,,0
2016,"Aurora (T), Ontario",2021A00053519046,Persons,249,units,0,v1592182767,2170,57297,,,,0
2016,"Whitchurch-Stouffville (T), Ontario",2021A00053519044,Persons,249,units,0,v1592182766,2174,47409,,,,0
2016,"Georgina (T), Ontario",2021A00053519070,Persons,249,units,0,v1592182771,2177,46882,,,,0
2016,"East Gwillimbury (T), Ontario",2021A00053519054,Persons,249,units,0,v1592182770,2187,24796,,,,0
2016,"King (TP), Ontario",2021A00053519049,Persons,249,units,0,v1592182769,2196,25342,,,,0
2016,"Scugog (TP), Ontario",2021A00053518020,Persons,249,units,0,v1592182759,2212,22162,,,,0
2016,"Uxbridge (TP), Ontario",2021A00053518029,Persons,249,units,0,v1592182761,2214,21705,,,,0
2016,"Brock (TP), Ontario",2021A00053518039,Persons,249,units,0,v1592182762,2255,11956,,,,0
2017,Canada,2021A00001124,Persons,249,units,0,v1592180531,1,36545075,,,,0
2017,Ontario,2021A000235,Persons,249,units,0,v1592180537,2130,14078499,,,,0
2017,"Toronto (C), Ontario",2021A00053520005,Persons,249,units,0,v1592182773,2132,2856557,,,,0
2017,"Mississauga (CY), Ontario",2021A00053521005,Persons,249,units,0,v1592182774,2134,747600,,,,0
2017,"Brampton (CY), Ontario",2021A00053521010,Persons,249,units,0,v1592182775,2135,631618,,,,0
2017,"Markham (CY), Ontario",2021A00053519036,Persons,249,units,0,v1592182764,2138,338876,,,,0
2017,"Vaughan (CY), Ontario",2021A00053519028,Persons,249,units,0,v1592182763,2139,317764,,,,0
2017,"Oakville (T), Ontario",2021A00053524001,Persons,249,units,0,v1592182793,2142,202934,,,,0
2017,"Richmond Hill (T), Ontario",2021A00053519038,Persons,249,units,0,v1592182765,2143,200180,,,,0
2017,"Burlington (CY), Ontario",2021A00053524002,Persons,249,units,0,v1592182794,2144,189081,,,,0
2017,"Oshawa (CY), Ontario",2021A00053518013,Persons,249,units,0,v1592182757,2145,167078,,,,0
2017,"Whitby (T), Ontario",2021A00053518009,Persons,249,units,0,v1592182756,2149,133923,,,,0
2017,"Milton (T), Ontario",2021A00053524009,Persons,249,units,0,v1592182795,2152,118132,,,,0
2017,"Ajax (T), Ontario",2021A00053518005,Persons,249,units,0,v1592182755,2154,124724,,,,0
2017,"Clarington (MU), Ontario",2021A00053518017,Persons,249,units,0,v1592182758,2159,97471,,,,0
2017,"Pickering (CY), Ontario",2021A00053518001,Persons,249,units,0,v1592182754,2160,95749,,,,0
2017,"Newmarket (T), Ontario",2021A00053519048,Persons,249,units,0,v1592182768,2162,87348,,,,0
2017,"Caledon (T), Ontario",2021A00053521024,Persons,249,units,0,v1592182776,2165,71921,,,,0
2017,"Halton Hills (T), Ontario",2021A00053524015,Persons,249,units,0,v1592182796,2169,63727,,,,0
2017,"Aurora (T), Ontario",2021A00053519046,Persons,249,units,0,v1592182767,2170,59189,,,,0
2017,"Whitchurch-Stouffville (T), Ontario",2021A00053519044,Persons,249,units,0,v1592182766,2174,48194,,,,0
2017,"Georgina (T), Ontario",2021A00053519070,Persons,249,units,0,v1592182771,2177,47463,,,,0
2017,"East Gwillimbury (T), Ontario",2021A00053519054,Persons,249,units,0,v1592182770,2187,26460,,,,0
2017,"King (TP), Ontario",2021A00053519049,Persons,249,units,0,v1592182769,2196,25804,,,,0
2017,"Scugog (TP), Ontario",2021A00053518020,Persons,249,units,0,v1592182759,2212,22141,,,,0
2017,"Uxbridge (TP), Ontario",2021A00053518029,Persons,249,units,0,v1592182761,2214,21969,,,,0
2017,"Brock (TP), Ontario",2021A00053518039,Persons,249,units,0,v1592182762,2255,12024,,,,0
2018,Canada,2021A00001124,Persons,249,units,0,v1592180531,1,37072620,,,,0
2018,Ontario,2021A000235,Persons,249,units,0,v1592180537,2130,14326746,,,,0
2018,"Toronto (C), Ontario",2021A00053520005,Persons,249,units,0,v1592182773,2132,2903971,,,,0
2018,"Mississauga (CY), Ontario",2021A00053521005,Persons,249,units,0,v1592182774,2134,752117,,,,0
2018,"Brampton (CY), Ontario",2021A00053521010,Persons,249,units,0,v1592182775,2135,652892,,,,0
2018,"Markham (CY), Ontario",2021A00053519036,Persons,249,units,0,v1592182764,2138,341063,,,,0
2018,"Vaughan (CY), Ontario",2021A00053519028,Persons,249,units,0,v1592182763,2139,322152,,,,0
2018,"Oakville (T), Ontario",2021A00053524001,Persons,249,units,0,v1592182793,2142,208381,,,,0
2018,"Richmond Hill (T), Ontario",2021A00053519038,Persons,249,units,0,v1592182765,2143,201319,,,,0
2018,"Burlington (CY), Ontario",2021A00053524002,Persons,249,units,0,v1592182794,2144,190144,,,,0
2018,"Oshawa (CY), Ontario",2021A00053518013,Persons,249,units,0,v1592182757,2145,171154,,,,0
2018,"Whitby (T), Ontario",2021A00053518009,Persons,249,units,0,v1592182756,2149,135078,,,,0
2018,"Milton (T), Ontario",2021A00053524009,Persons,249,units,0,v1592182795,2152,123238,,,,0
2018,"Ajax (T), Ontario",2021A00053518005,Persons,249,units,0,v1592182755,2154,126296,,,,0
2018,"Clarington (MU), Ontario",2021A00053518017,Persons,249,units,0,v1592182758,2159,99513,,,,0
2018,"Pickering (CY), Ontario",2021A00053518001,Persons,249,units,0,v1592182754,2160,97058,,,,0
2018,"Newmarket (T), Ontario",2021A00053519048,Persons,249,units,0,v1592182768,2162,88031,,,,0
2018,"Caledon (T), Ontario",2021A00053521024,Persons,249,units,0,v1592182776,2165,74087,,,,0
2018,"Halton Hills (T), Ontario",2021A00053524015,Persons,249,units,0,v1592182796,2169,63961,,,,0
2018,"Aurora (T), Ontario",2021A00053519046,Persons,249,units,0,v1592182767,2170,60889,,,,0
2018,"Whitchurch-Stouffville (T), Ontario",2021A00053519044,Persons,249,units,0,v1592182766,2174,48980,,,,0
2018,"Georgina (T), Ontario",2021A00053519070,Persons,249,units,0,v1592182771,2177,47781,,,,0
2018,"East Gwillimbury (T), Ontario",2021A00053519054,Persons,249,units,0,v1592182770,2187,30038,,,,0
2018,"King (TP), Ontario",2021A00053519049,Persons,249,units,0,v1592182769,2196,26800,,,,0
2018,"Scugog (TP), Ontario",2021A00053518020,Persons,249,units,0,v1592182759,2212,22090,,,,0
2018,"Uxbridge (TP), Ontario",2021A00053518029,Persons,249,units,0,v1592182761,2214,22231,,,,0
2018,"Brock (TP), Ontario",2021A00053518039,Persons,249,units,0,v1592182762,2255,12151,,,,0
2019,Canada,2021A00001124,Persons,249,units,0,v1592180531,1,37618495,,,,0
2019,Ontario,2021A000235,Persons,249,units,0,v1592180537,2130,14573565,,,,0
2019,"Toronto (C), Ontario",2021A00053520005,Persons,249,units,0,v1592182773,2132,2939364,,,,0
2019,"Mississauga (CY), Ontario",2021A00053521005,Persons,249,units,0,v1592182774,2134,761192,,,,0
2019,"Brampton (CY), Ontario",2021A00053521010,Persons,249,units,0,v1592182775,2135,673296,,,,0
2019,"Markham (CY), Ontario",2021A00053519036,Persons,249,units,0,v1592182764,2138,347690,,,,0
2019,"Vaughan (CY), Ontario",2021A00053519028,Persons,249,units,0,v1592182763,2139,329058,,,,0
2019,"Oakville (T), Ontario",2021A00053524001,Persons,249,units,0,v1592182793,2142,214200,,,,0
2019,"Richmond Hill (T), Ontario",2021A00053519038,Persons,249,units,0,v1592182765,2143,205806,,,,0
2019,"Burlington (CY), Ontario",2021A00053524002,Persons,249,units,0,v1592182794,2144,192509,,,,0
2019,"Oshawa (CY), Ontario",2021A00053518013,Persons,249,units,0,v1592182757,2145,175771,,,,0
2019,"Whitby (T), Ontario",2021A00053518009,Persons,249,units,0,v1592182756,2149,136971,,,,0
2019,"Milton (T), Ontario",2021A00053524009,Persons,249,units,0,v1592182795,2152,129022,,,,0
2019,"Ajax (T), Ontario",2021A00053518005,Persons,249,units,0,v1592182755,2154,128937,,,,0
2019,"Clarington (MU), Ontario",2021A00053518017,Persons,249,units,0,v1592182758,2159,101138,,,,0
2019,"Pickering (CY), Ontario",2021A00053518001,Persons,249,units,0,v1592182754,2160,98891,,,,0
2019,"Newmarket (T), Ontario",2021A00053519048,Persons,249,units,0,v1592182768,2162,89585,,,,0
2019,"Caledon (T), Ontario",2021A00053521024,Persons,249,units,0,v1592182776,2165,75578,,,,0
2019,"Halton Hills (T), Ontario",2021A00053524015,Persons,249,units,0,v1592182796,2169,64908,,,,0
2019,"Aurora (T), Ontario",2021A00053519046,Persons,249,units,0,v1592182767,2170,62345,,,,0
2019,"Whitchurch-Stouffville (T), Ontario",2021A00053519044,Persons,249,units,0,v1592182766,2174,49971,,,,0
2019,"Georgina (T), Ontario",2021A00053519070,Persons,249,units,0,v1592182771,2177,48407,,,,0
2019,"East Gwillimbury (T), Ontario",2021A00053519054,Persons,249,units,0,v1592182770,2187,31654,,,,0
2019,"King (TP), Ontario",2021A00053519049,Persons,249,units,0,v1592182769,2196,27663,,,,0
2019,"Scugog (TP), Ontario",2021A00053518020,Persons,249,units,0,v1592182759,2212,22112,,,,0
2019,"Uxbridge (TP), Ontario",2021A00053518029,Persons,249,units,0,v1592182761,2214,22312,,,,0
2019,"Brock (TP), Ontario",2021A00053518039,Persons,249,units,0,v1592182762,2255,12437,,,,0
2020,Canada,2021A00001124,Persons,249,units,0,v1592180531,1,38028638,,,,0
2020,Ontario,2021A000235,Persons,249,units,0,v1592180537,2130,14761811,,,,0
2020,"Toronto (C), Ontario",2021A00053520005,Persons,249,units,0,v1592182773,2132,2952366,,,,0
2020,"Mississauga (CY), Ontario",2021A00053521005,Persons,249,units,0,v1592182774,2134,758665,,,,0
2020,"Brampton (CY), Ontario",2021A00053521010,Persons,249,units,0,v1592182775,2135,688154,,,,0
2020,"Markham (CY), Ontario",2021A00053519036,Persons,249,units,0,v1592182764,2138,351799,,,,0
2020,"Vaughan (CY), Ontario",2021A00053519028,Persons,249,units,0,v1592182763,2139,333632,,,,0
2020,"Oakville (T), Ontario",2021A00053524001,Persons,249,units,0,v1592182793,2142,219028,,,,0
2020,"Richmond Hill (T), Ontario",2021A00053519038,Persons,249,units,0,v1592182765,2143,209062,,,,0
2020,"Burlington (CY), Ontario",2021A00053524002,Persons,249,units,0,v1592182794,2144,193853,,,,0
2020,"Oshawa (CY), Ontario",2021A00053518013,Persons,249,units,0,v1592182757,2145,180116,,,,0
2020,"Whitby (T), Ontario",2021A00053518009,Persons,249,units,0,v1592182756,2149,140662,,,,0
2020,"Milton (T), Ontario",2021A00053524009,Persons,249,units,0,v1592182795,2152,135129,,,,0
2020,"Ajax (T), Ontario",2021A00053518005,Persons,249,units,0,v1592182755,2154,131297,,,,0
2020,"Clarington (MU), Ontario",2021A00053518017,Persons,249,units,0,v1592182758,2159,103207,,,,0
2020,"Pickering (CY), Ontario",2021A00053518001,Persons,249,units,0,v1592182754,2160,101596,,,,0
2020,"Newmarket (T), Ontario",2021A00053519048,Persons,249,units,0,v1592182768,2162,91012,,,,0
2020,"Caledon (T), Ontario",2021A00053521024,Persons,249,units,0,v1592182776,2165,77923,,,,0
2020,"Halton Hills (T), Ontario",2021A00053524015,Persons,249,units,0,v1592182796,2169,65388,,,,0
2020,"Aurora (T), Ontario",2021A00053519046,Persons,249,units,0,v1592182767,2170,63634,,,,0
2020,"Whitchurch-Stouffville (T), Ontario",2021A00053519044,Persons,249,units,0,v1592182766,2174,50813,,,,0
2020,"Georgina (T), Ontario",2021A00053519070,Persons,249,units,0,v1592182771,2177,48993,,,,0
2020,"East Gwillimbury (T), Ontario",2021A00053519054,Persons,249,units,0,v1592182770,2187,34315,,,,0
2020,"King (TP), Ontario",2021A00053519049,Persons,249,units,0,v1592182769,2196,28089,,,,0
2020,"Scugog (TP), Ontario",2021A00053518020,Persons,249,units,0,v1592182759,2212,22086,,,,0
2020,"Uxbridge (TP), Ontario",2021A00053518029,Persons,249,units,0,v1592182761,2214,22238,,,,0
2020,"Brock (TP), Ontario",2021A00053518039,Persons,249,units,0,v1592182762,2255,12636,,,,0
2021,Canada,2021A00001124,Persons,249,units,0,v1592180531,1,38239864,,,,0
2021,Ontario,2021A000235,Persons,249,units,0,v1592180537,2130,14842488,,,,0
2021,"Toronto (C), Ontario",2021A00053520005,Persons,249,units,0,v1592182773,2132,2917666,,,,0
2021,"Mississauga (CY), Ontario",2021A00053521005,Persons,249,units,0,v1592182774,2134,747057,,,,0
2021,"Brampton (CY), Ontario",2021A00053521010,Persons,249,units,0,v1592182775,2135,687462,,,,0
2021,"Markham (CY), Ontario",2021A00053519036,Persons,249,units,0,v1592182764,2138,351943,,,,0
2021,"Vaughan (CY), Ontario",2021A00053519028,Persons,249,units,0,v1592182763,2139,336482,,,,0
2021,"Oakville (T), Ontario",2021A00053524001,Persons,249,units,0,v1592182793,2142,222225,,,,0
2021,"Richmond Hill (T), Ontario",2021A00053519038,Persons,249,units,0,v1592182765,2143,210046,,,,0
2021,"Burlington (CY), Ontario",2021A00053524002,Persons,249,units,0,v1592182794,2144,193848,,,,0
2021,"Oshawa (CY), Ontario",2021A00053518013,Persons,249,units,0,v1592182757,2145,183273,,,,0
2021,"Whitby (T), Ontario",2021A00053518009,Persons,249,units,0,v1592182756,2149,144558,,,,0
2021,"Milton (T), Ontario",2021A00053524009,Persons,249,units,0,v1592182795,2152,138930,,,,0
2021,"Ajax (T), Ontario",2021A00053518005,Persons,249,units,0,v1592182755,2154,132184,,,,0
2021,"Clarington (MU), Ontario",2021A00053518017,Persons,249,units,0,v1592182758,2159,105906,,,,0
2021,"Pickering (CY), Ontario",2021A00053518001,Persons,249,units,0,v1592182754,2160,103593,,,,0
2021,"Newmarket (T), Ontario",2021A00053519048,Persons,249,units,0,v1592182768,2162,91487,,,,0
2021,"Caledon (T), Ontario",2021A00053521024,Persons,249,units,0,v1592182776,2165,79947,,,,0
2021,"Halton Hills (T), Ontario",2021A00053524015,Persons,249,units,0,v1592182796,2169,65417,,,,0
2021,"Aurora (T), Ontario",2021A00053519046,Persons,249,units,0,v1592182767,2170,64607,,,,0
2021,"Whitchurch-Stouffville (T), Ontario",2021A00053519044,Persons,249,units,0,v1592182766,2174,51878,,,,0
2021,"Georgina (T), Ontario",2021A00053519070,Persons,249,units,0,v1592182771,2177,49617,,,,0
2021,"East Gwillimbury (T), Ontario",2021A00053519054,Persons,249,units,0,v1592182770,2187,36311,,,,0
2021,"King (TP), Ontario",2021A00053519049,Persons,249,units,0,v1592182769,2196,28380,,,,0
2021,"Scugog (TP), Ontario",2021A00053518020,Persons,249,units,0,v1592182759,2212,22397,,,,0
2021,"Uxbridge (TP), Ontario",2021A00053518029,Persons,249,units,0,v1592182761,2214,22367,,,,0
2021,"Brock (TP), Ontario",2021A00053518039,Persons,249,units,0,v1592182762,2255,13144,,,,0
2022,Canada,2021A00001124,Persons,249,units,0,v1592180531,1,38950132,,,,0
2022,Ontario,2021A000235,Persons,249,units,0,v1592180537,2130,15155836,,,,0
2022,"Toronto (C), Ontario",2021A00053520005,Persons,249,units,0,v1592182773,2132,2988742,,,,0
2022,"Mississauga (CY), Ontario",2021A00053521005,Persons,249,units,0,v1592182774,2134,748760,,,,0
2022,"Brampton (CY), Ontario",2021A00053521010,Persons,249,units,0,v1592182775,2135,702213,,,,0
2022,"Markham (CY), Ontario",2021A00053519036,Persons,249,units,0,v1592182764,2138,352745,,,,0
2022,"Vaughan (CY), Ontario",2021A00053519028,Persons,249,units,0,v1592182763,2139,339534,,,,0
2022,"Oakville (T), Ontario",2021A00053524001,Persons,249,units,0,v1592182793,2142,226776,,,,0
2022,"Richmond Hill (T), Ontario",2021A00053519038,Persons,249,units,0,v1592182765,2143,210393,,,,0
2022,"Burlington (CY), Ontario",2021A00053524002,Persons,249,units,0,v1592182794,2144,194803,,,,0
2022,"Oshawa (CY), Ontario",2021A00053518013,Persons,249,units,0,v1592182757,2145,188625,,,,0
2022,"Whitby (T), Ontario",2021A00053518009,Persons,249,units,0,v1592182756,2149,149559,,,,0
2022,"Milton (T), Ontario",2021A00053524009,Persons,249,units,0,v1592182795,2152,142627,,,,0
2022,"Ajax (T), Ontario",2021A00053518005,Persons,249,units,0,v1592182755,2154,133401,,,,0
2022,"Clarington (MU), Ontario",2021A00053518017,Persons,249,units,0,v1592182758,2159,109305,,,,0
2022,"Pickering (CY), Ontario",2021A00053518001,Persons,249,units,0,v1592182754,2160,105758,,,,0
2022,"Newmarket (T), Ontario",2021A00053519048,Persons,249,units,0,v1592182768,2162,91822,,,,0
2022,"Caledon (T), Ontario",2021A00053521024,Persons,249,units,0,v1592182776,2165,82637,,,,0
2022,"Halton Hills (T), Ontario",2021A00053524015,Persons,249,units,0,v1592182796,2169,66331,,,,0
2022,"Aurora (T), Ontario",2021A00053519046,Persons,249,units,0,v1592182767,2170,65063,,,,0
2022,"Whitchurch-Stouffville (T), Ontario",2021A00053519044,Persons,249,units,0,v1592182766,2174,53492,,,,0
2022,"Georgina (T), Ontario",2021A00053519070,Persons,249,units,0,v1592182771,2177,50690,,,,0
2022,"East Gwillimbury (T), Ontario",2021A00053519054,Persons,249,units,0,v1592182770,2187,38002,,,,0
2022,"King (TP), Ontario",2021A00053519049,Persons,249,units,0,v1592182769,2196,28841,,,,0
2022,"Scugog (TP), Ontario",2021A00053518020,Persons,249,units,0,v1592182759,2212,22999,,,,0
2022,"Uxbridge (TP), Ontario",2021A00053518029,Persons,249,units,0,v1592182761,2214,22456,,,,0
2022,"Brock (TP), Ontario",2021A00053518039,Persons,249,units,0,v1592182762,2255,13486,,,,0
2023,Canada,2021A00001124,Persons,249,units,0,v1592180531,1,40049088,,,,0
2023,Ontario,2021A000235,Persons,249,units,0,v1592180537,2130,15632481,,,,0
2023,"Toronto (C), Ontario",2021A00053520005,Persons,249,units,0,v1592182773,2132,3134010,,,,0
2023,"Mississauga (CY), Ontario",2021A00053521005,Persons,249,units,0,v1592182774,2134,762508,,,,0
2023,"Brampton (CY), Ontario",2021A00053521010,Persons,249,units,0,v1592182775,2135,744063,,,,0
2023,"Markham (CY), Ontario",2021A00053519036,Persons,249,units,0,v1592182764,2138,358953,,,,0
2023,"Vaughan (CY), Ontario",2021A00053519028,Persons,249,units,0,v1592182763,2139,344807,,,,0
2023,"Oakville (T), Ontario",2021A00053524001,Persons,249,units,0,v1592182793,2142,232240,,,,0
2023,"Richmond Hill (T), Ontario",2021A00053519038,Persons,249,units,0,v1592182765,2143,213922,,,,0
2023,"Burlington (CY), Ontario",2021A00053524002,Persons,249,units,0,v1592182794,2144,196632,,,,0
2023,"Oshawa (CY), Ontario",2021A00053518013,Persons,249,units,0,v1592182757,2145,196721,,,,0
2023,"Whitby (T), Ontario",2021A00053518009,Persons,249,units,0,v1592182756,2149,154633,,,,0
2023,"Milton (T), Ontario",2021A00053524009,Persons,249,units,0,v1592182795,2152,147740,,,,0
2023,"Ajax (T), Ontario",2021A00053518005,Persons,249,units,0,v1592182755,2154,135711,,,,0
2023,"Clarington (MU), Ontario",2021A00053518017,Persons,249,units,0,v1592182758,2159,111648,,,,0
2023,"Pickering (CY), Ontario",2021A00053518001,Persons,249,units,0,v1592182754,2160,109143,,,,0
2023,"Newmarket (T), Ontario",2021A00053519048,Persons,249,units,0,v1592182768,2162,92877,,,,0
2023,"Caledon (T), Ontario",2021A00053521024,Persons,249,units,0,v1592182776,2165,86049,,,,0
2023,"Halton Hills (T), Ontario",2021A00053524015,Persons,249,units,0,v1592182796,2169,67779,,,,0
2023,"Aurora (T), Ontario",2021A00053519046,Persons,249,units,0,v1592182767,2170,66159,,,,0
2023,"Whitchurch-Stouffville (T), Ontario",2021A00053519044,Persons,249,units,0,v1592182766,2174,54868,,,,0
2023,"Georgina (T), Ontario",2021A00053519070,Persons,249,units,0,v1592182771,2177,51593,,,,0
2023,"East Gwillimbury (T), Ontario",2021A00053519054,Persons,249,units,0,v1592182770,2187,39979,,,,0
2023,"King (TP), Ontario",2021A00053519049,Persons,249,units,0,v1592182769,2196,28916,,,,0
2023,"Scugog (TP), Ontario",2021A00053518020,Persons,249,units,0,v1592182759,2212,23522,,,,0
2023,"Uxbridge (TP), Ontario",2021A00053518029,Persons,249,units,0,v1592182761,2214,22546,,,,0
2023,"Brock (TP), Ontario",2021A00053518039,Persons,249,units,0,v1592182762,2255,13640,,,,0
2024,Canada,2021A00001124,Persons,249,units,0,v1592180531,1,41262329,,,,0
2024,Ontario,2021A000235,Persons,249,units,0,v1592180537,2130,16144797,,,,0
2024,"Toronto (C), Ontario",2021A00053520005,Persons,249,units,0,v1592182773,2132,3280417,,,,0
2024,"Mississauga (CY), Ontario",2021A00053521005,Persons,249,units,0,v1592182774,2134,781304,,,,0
2024,"Brampton (CY), Ontario",2021A00053521010,Persons,249,units,0,v1592182775,2135,783581,,,,0
2024,"Markham (CY), Ontario",2021A00053519036,Persons,249,units,0,v1592182764,2138,368764,,,,0
2024,"Vaughan (CY), Ontario",2021A00053519028,Persons,249,units,0,v1592182763,2139,354570,,,,0
2024,"Oakville (T), Ontario",2021A00053524001,Persons,249,units,0,v1592182793,2142,238878,,,,0
2024,"Richmond Hill (T), Ontario",2021A00053519038,Persons,249,units,0,v1592182765,2143,219336,,,,0
2024,"Burlington (CY), Ontario",2021A00053524002,Persons,249,units,0,v1592182794,2144,199089,,,,0
2024,"Oshawa (CY), Ontario",2021A00053518013,Persons,249,units,0,v1592182757,2145,207851,,,,0
2024,"Whitby (T), Ontario",2021A00053518009,Persons,249,units,0,v1592182756,2149,158758,,,,0
2024,"Milton (T), Ontario",2021A00053524009,Persons,249,units,0,v1592182795,2152,152528,,,,0
2024,"Ajax (T), Ontario",2021A00053518005,Persons,249,units,0,v1592182755,2154,138900,,,,0
2024,"Clarington (MU), Ontario",2021A00053518017,Persons,249,units,0,v1592182758,2159,113530,,,,0
2024,"Pickering (CY), Ontario",2021A00053518001,Persons,249,units,0,v1592182754,2160,113576,,,,0
2024,"Newmarket (T), Ontario",2021A00053519048,Persons,249,units,0,v1592182768,2162,95430,,,,0
2024,"Caledon (T), Ontario",2021A00053521024,Persons,249,units,0,v1592182776,2165,89879,,,,0
2024,"Halton Hills (T), Ontario",2021A00053524015,Persons,249,units,0,v1592182796,2169,68491,,,,0
2024,"Aurora (T), Ontario",2021A00053519046,Persons,249,units,0,v1592182767,2170,67618,,,,0
2024,"Whitchurch-Stouffville (T), Ontario",2021A00053519044,Persons,249,units,0,v1592182766,2174,57304,,,,0
2024,"Georgina (T), Ontario",2021A00053519070,Persons,249,units,0,v1592182771,2177,53258,,,,0
2024,"East Gwillimbury (T), Ontario",2021A00053519054,Persons,249,units,0,v1592182770,2187,42247,,,,0
2024,"King (TP), Ontario",2021A00053519049,Persons,249,units,0,v1592182769,2196,29281,,,,0
2024,"Scugog (TP), Ontario",2021A00053518020,Persons,249,units,0,v1592182759,2212,23745,,,,0
2024,"Uxbridge (TP), Ontario",2021A00053518029,Persons,249,units,0,v1592182761,2214,22718,,,,0
2024,"Brock (TP), Ontario",2021A00053518039,Persons,249,units,0,v1592182762,2255,13779,,,,0
2025,Canada,2021A00001124,Persons,249,units,0,v1592180531,1,41651653,,,,0
2025,Ontario,2021A000235,Persons,249,units,0,v1592180537,2130,16258260,,,,0
2025,"Toronto (C), Ontario",2021A00053520005,Persons,249,units,0,v1592182773,2132,3271830,,,,0
2025,"Mississauga (CY), Ontario",2021A00053521005,Persons,249,units,0,v1592182774,2134,764597,,,,0
2025,"Brampton (CY), Ontario",2021A00053521010,Persons,249,units,0,v1592182775,2135,777759,,,,0
2025,"Markham (CY), Ontario",2021A00053519036,Persons,249,units,0,v1592182764,2138,371504,,,,0
2025,"Vaughan (CY), Ontario",2021A00053519028,Persons,249,units,0,v1592182763,2139,358535,,,,0
2025,"Oakville (T), Ontario",2021A00053524001,Persons,249,units,0,v1592182793,2142,243107,,,,0
2025,"Richmond Hill (T), Ontario",2021A00053519038,Persons,249,units,0,v1592182765,2143,222031,,,,0
2025,"Burlington (CY), Ontario",2021A00053524002,Persons,249,units,0,v1592182794,2144,197737,,,,0
2025,"Oshawa (CY), Ontario",2021A00053518013,Persons,249,units,0,v1592182757,2145,213592,,,,0
2025,"Whitby (T), Ontario",2021A00053518009,Persons,249,units,0,v1592182756,2149,162413,,,,0
2025,"Milton (T), Ontario",2021A00053524009,Persons,249,units,0,v1592182795,2152,157345,,,,0
2025,"Ajax (T), Ontario",2021A00053518005,Persons,249,units,0,v1592182755,2154,141111,,,,0
2025,"Clarington (MU), Ontario",2021A00053518017,Persons,249,units,0,v1592182758,2159,114180,,,,0
2025,"Pickering (CY), Ontario",2021A00053518001,Persons,249,units,0,v1592182754,2160,118378,,,,0
2025,"Newmarket (T), Ontario",2021A00053519048,Persons,249,units,0,v1592182768,2162,95763,,,,0
2025,"Caledon (T), Ontario",2021A00053521024,Persons,249,units,0,v1592182776,2165,90201,,,,0
2025,"Halton Hills (T), Ontario",2021A00053524015,Persons,249,units,0,v1592182796,2169,68265,,,,0
2025,"Aurora (T), Ontario",2021A00053519046,Persons,249,units,0,v1592182767,2170,67385,,,,0
2025,"Whitchurch-Stouffville (T), Ontario",2021A00053519044,Persons,249,units,0,v1592182766,2174,58010,,,,0
2025,"Georgina (T), Ontario",2021A00053519070,Persons,249,units,0,v1592182771,2177,53630,,,,0
2025,"East Gwillimbury (T), Ontario",2021A00053519054,Persons,249,units,0,v1592182770,2187,42989,,,,0
2025,"King (TP), Ontario",2021A00053519049,Persons,249,units,0,v1592182769,2196,29077,,,,0
2025,"Scugog (TP), Ontario",2021A00053518020,Persons,249,units,0,v1592182759,2212,23928,,,,0
2025,"Uxbridge (TP), Ontario",2021A00053518029,Persons,249,units,0,v1592182761,2214,22618,,,,0
2025,"Brock (TP), Ontario",2021A00053518039,Persons,249,units,0,v1592182762,2255,13710,,,,0
