csd_code,year,population
3520005,2001,2583704
3521005,2001,638334
3521010,2001,341463
3519036,2001,218268
3519028,2001,191304
3524001,2001,150717
3519038,2001,138233
3524002,2001,156873
3518013,2001,144619
3518009,2001,91396
3524009,2001,33162
3518005,2001,77080
3518017,2001,72765
3518001,2001,90552
3519048,2001,68688
3521024,2001,52639
3524015,2001,50268
3519046,2001,41923
3519044,2001,22892
3519070,2001,40919
3519054,2001,21357
3519049,2001,19229
3518020,2001,20909
3518029,2001,18024
3518039,2001,12517
3520005,2002,2603655
3521005,2002,654694
3521010,2002,365476
3519036,2002,231802
3519028,2002,205617
3524001,2002,154873
3519038,2002,146528
3524002,2002,159585
3518013,2002,144950
3518009,2002,95900
3524009,2002,37319
3518005,2002,80308
3518017,2002,74331
3518001,2002,90747
3519048,2002,71653
3521024,2002,54357
3524015,2002,51717
3519046,2002,44160
3519044,2002,23725
3519070,2002,42265
3519054,2002,21821
3519049,2002,19697
3518020,2002,21152
3518029,2002,18384
3518039,2002,12480
3520005,2003,2595755
3521005,2003,667050
3521010,2003,387671
3519036,2003,243408
3519028,2003,217965
3524001,2003,159083
3519038,2003,153445
3524002,2003,162264
3518013,2003,145814
3518009,2003,100803
3524009,2003,41608
3518005,2003,83840
3518017,2003,76140
3518001,2003,91226
3519048,2003,73818
3521024,2003,55794
3524015,2003,53161
3519046,2003,45945
3519044,2003,24327
3519070,2003,43138
3519054,2003,22058
3519049,2003,19985
3518020,2003,21448
3518029,2003,18789
3518039,2003,12469
3520005,2004,2591737
3521005,2004,679298
3521010,2004,410414
3519036,2004,254168
3519028,2004,229494
3524001,2004,164017
3519038,2004,159737
3524002,2004,165705
3518013,2004,146519
3518009,2004,105815
3524009,2004,46287
3518005,2004,87354
3518017,2004,77887
3518001,2004,91522
3519048,2004,75545
3521024,2004,57193
3524015,2004,54839
3519046,2004,47466
3519044,2004,24817
3519070,2004,43771
3519054,2004,22169
3519049,2004,20190
3518020,2004,21739
3518029,2004,19184
3518039,2004,12450
3520005,2005,2595326
3521005,2005,690560
3521010,2005,433414
3519036,2005,263390
3519028,2005,239579
3524001,2005,168510
3519038,2005,164880
3524002,2005,168655
3518013,2005,146949
3518009,2005,110841
3524009,2005,51239
3518005,2005,90724
3518017,2005,79482
3518001,2005,91544
3519048,2005,76553
3521024,2005,58516
3524015,2005,56371
3519046,2005,48585
3519044,2005,25061
3519070,2005,43962
3519054,2005,22043
3519049,2005,20216
3518020,2005,21996
3518029,2005,19540
3518039,2005,12424
3520005,2006,2608715
3521005,2006,697889
3521010,2006,456114
3519036,2006,273609
3519028,2006,249853
3524001,2006,172345
3519038,2006,170325
3524002,2006,170876
3518013,2006,147041
3518009,2006,116170
3524009,2006,57099
3518005,2006,94499
3518017,2006,81048
3518001,2006,91237
3519048,2006,77508
3521024,2006,59464
3524015,2006,57579
3519046,2006,49564
3519044,2006,25424
3519070,2006,44075
3519054,2006,21857
3519049,2006,20093
3518020,2006,22195
3518029,2006,19878
3518039,2006,12358
3520005,2007,2613670
3521005,2007,707544
3521010,2007,476703
3519036,2007,282968
3519028,2007,259718
3524001,2007,176233
3519038,2007,177244
3524002,2007,171989
3518013,2007,147099
3518009,2007,118582
3524009,2007,61763
3518005,2007,99929
3518017,2007,82469
3518001,2007,91326
3519048,2007,78271
3521024,2007,60355
3524015,2007,58290
3519046,2007,50464
3519044,2007,28020
3519070,2007,43980
3519054,2007,21995
3519049,2007,20017
3518020,2007,22261
3518029,2007,20319
3518039,2007,12093
3520005,2008,2626790
3521005,2008,714980
3521010,2008,496543
3519036,2008,291462
3519028,2008,270544
3524001,2008,180322
3519038,2008,181783
3524002,2008,173570
3518013,2008,148657
3518009,2008,120573
3524009,2008,67601
3518005,2008,104212
3518017,2008,83477
3518001,2008,91399
3519048,2008,79126
3521024,2008,60689
3524015,2008,59044
3519046,2008,51149
3519044,2008,30396
3519070,2008,44221
3519054,2008,22122
3519049,2008,20055
3518020,2008,22306
3518029,2008,20640
3518039,2008,11937
3520005,2009,2648782
3521005,2009,723084
3521010,2009,511379
3519036,2009,299759
3519028,2009,279858
3524001,2009,183796
3519038,2009,185114
3524002,2009,174992
3518013,2009,149735
3518009,2009,122972
3524009,2009,75615
3518005,2009,107182
3518017,2009,84512
3518001,2009,91172
3519048,2009,80273
3521024,2009,60265
3524015,2009,59539
3519046,2009,52235
3519044,2009,32801
3519070,2009,44174
3519054,2009,22336
3519049,2009,19995
3518020,2009,22285
3518029,2009,20960
3518039,2009,11845
3520005,2010,2674738
3521005,2010,730640
3521010,2010,526854
3519036,2010,306833
3519028,2010,290582
3524001,2010,185996
3519038,2010,188397
3524002,2010,178580
3518013,2010,152387
3518009,2010,124545
3524009,2010,81970
3518005,2010,110650
3518017,2010,85798
3518001,2010,91226
3519048,2010,81537
3521024,2010,60733
3524015,2010,60224
3519046,2010,53731
3519044,2010,35752
3519070,2010,44515
3519054,2010,22576
3519049,2010,20128
3518020,2010,22163
3518029,2010,21136
3518039,2010,11724
3520005,2011,2704692
3521005,2011,735775
3521010,2011,542697
3519036,2011,311373
3519028,2011,297864
3524001,2011,187762
3519038,2011,191405
3524002,2011,180964
3518013,2011,154251
3518009,2011,125832
3524009,2011,87938
3518005,2011,113315
3518017,2011,87244
3518001,2011,91269
3519048,2011,82440
3521024,2011,61166
3524015,2011,60666
3519046,2011,54870
3519044,2011,39139
3519070,2011,44780
3519054,2011,23183
3519049,2011,20476
3518020,2011,22108
3518029,2011,21161
3518039,2011,11624
3520005,2012,2737041
3521005,2012,738866
3521010,2012,555819
3519036,2012,318023
3519028,2012,304194
3524001,2012,189868
3519038,2012,194031
3524002,2012,183128
3518013,2012,155328
3518009,2012,128181
3524009,2012,93747
3518005,2012,115512
3518017,2012,88996
3518001,2012,91633
3519048,2012,83474
3521024,2012,62343
3524015,2012,60949
3519046,2012,55019
3519044,2012,41742
3519070,2012,45058
3519054,2012,23225
3519049,2012,20960
3518020,2012,22205
3518029,2012,21343
3518039,2012,11597
3520005,2013,2764175
3521005,2013,741424
3521010,2013,569427
3519036,2013,325250
3519028,2013,308495
3524001,2013,192159
3519038,2013,196609
3524002,2013,184379
3518013,2013,157389
3518009,2013,129411
3524009,2013,100193
3518005,2013,117655
3518017,2013,90320
3518001,2013,92529
3519048,2013,85047
3521024,2013,63593
3524015,2013,61343
3519046,2013,55090
3519044,2013,43638
3519070,2013,45405
3519054,2013,23282
3519049,2013,21896
3518020,2013,22257
3518029,2013,21493
3518039,2013,11675
3520005,2014,2788656
3521005,2014,740041
3521010,2014,582090
3519036,2014,331712
3519028,2014,311060
3524001,2014,194112
3519038,2014,198822
3524002,2014,185546
3518013,2014,159162
3518009,2014,130903
3524009,2014,105609
3518005,2014,119681
3518017,2014,91648
3518001,2014,92953
3519048,2014,86056
3521024,2014,65219
3524015,2014,61837
3519046,2014,55096
3519044,2014,44934
3519070,2014,45554
3519054,2014,23637
3519049,2014,23114
3518020,2014,22126
3518029,2014,21509
3518039,2014,11707
3520005,2015,2800240
3521005,2015,738232
3521010,2015,596008
3519036,2015,335813
3519028,2015,313124
3524001,2015,196442
3519038,2015,199920
3524002,2015,186615
3518013,2015,161270
3518009,2015,131374
3524009,2015,109909
3518005,2015,122017
3518017,2015,93125
3518001,2015,93703
3519048,2015,86110
3521024,2015,66229
3524015,2015,62282
3519046,2015,55632
3519044,2015,45790
3519070,2015,46000
3519054,2015,24237
3519049,2015,24325
3518020,2015,22169
3518029,2015,21850
3518039,2015,11803
3520005,2016,2822610
3521005,2016,744011
3521010,2016,615190
3519036,2016,338936
3519028,2016,315669
3524001,2016,199674
3519038,2016,200677
3524002,2016,188512
3518013,2016,164738
3518009,2016,132335
3524009,2016,114355
3518005,2016,123693
3518017,2016,95099
3518001,2016,94605
3519048,2016,86790
3521024,2016,68896
3524015,2016,62992
3519046,2016,57297
3519044,2016,47409
3519070,2016,46882
3519054,2016,24796
3519049,2016,25342
3518020,2016,22162
3518029,2016,21705
3518039,2016,11956
3520005,2017,2856557
3521005,2017,747600
3521010,2017,631618
3519036,2017,338876
3519028,2017,317764
3524001,2017,202934
3519038,2017,200180
3524002,2017,189081
3518013,2017,167078
3518009,2017,133923
3524009,2017,118132
3518005,2017,124724
3518017,2017,97471
3518001,2017,95749
3519048,2017,87348
3521024,2017,71921
3524015,2017,63727
3519046,2017,59189
3519044,2017,48194
3519070,2017,47463
3519054,2017,26460
3519049,2017,25804
3518020,2017,22141
3518029,2017,21969
3518039,2017,12024
3520005,2018,2903971
3521005,2018,752117
3521010,2018,652892
3519036,2018,341063
3519028,2018,322152
3524001,2018,208381
3519038,2018,201319
3524002,2018,190144
3518013,2018,171154
3518009,2018,135078
3524009,2018,123238
3518005,2018,126296
3518017,2018,99513
3518001,2018,97058
3519048,2018,88031
3521024,2018,74087
3524015,2018,63961
3519046,2018,60889
3519044,2018,48980
3519070,2018,47781
3519054,2018,30038
3519049,2018,26800
3518020,2018,22090
3518029,2018,22231
3518039,2018,12151
3520005,2019,2939364
3521005,2019,761192
3521010,2019,673296
3519036,2019,347690
3519028,2019,329058
3524001,2019,214200
3519038,2019,205806
3524002,2019,192509
3518013,2019,175771
3518009,2019,136971
3524009,2019,129022
3518005,2019,128937
3518017,2019,101138
3518001,2019,98891
3519048,2019,89585
3521024,2019,75578
3524015,2019,64908
3519046,2019,62345
3519044,2019,49971
3519070,2019,48407
3519054,2019,31654
3519049,2019,27663
3518020,2019,22112
3518029,2019,22312
3518039,2019,12437
3520005,2020,2952366
3521005,2020,758665
3521010,2020,688154
3519036,2020,351799
3519028,2020,333632
3524001,2020,219028
3519038,2020,209062
3524002,2020,193853
3518013,2020,180116
3518009,2020,140662
3524009,2020,135129
3518005,2020,131297
3518017,2020,103207
3518001,2020,101596
3519048,2020,91012
3521024,2020,77923
3524015,2020,65388
3519046,2020,63634
3519044,2020,50813
3519070,2020,48993
3519054,2020,34315
3519049,2020,28089
3518020,2020,22086
3518029,2020,22238
3518039,2020,12636
3520005,2021,2917666
3521005,2021,747057
3521010,2021,687462
3519036,2021,351943
3519028,2021,336482
3524001,2021,222225
3519038,2021,210046
3524002,2021,193848
3518013,2021,183273
3518009,2021,144558
3524009,2021,138930
3518005,2021,132184
3518017,2021,105906
3518001,2021,103593
3519048,2021,91487
3521024,2021,79947
3524015,2021,65417
3519046,2021,64607
3519044,2021,51878
3519070,2021,49617
3519054,2021,36311
3519049,2021,28380
3518020,2021,22397
3518029,2021,22367
3518039,2021,13144
3520005,2022,2988742
3521005,2022,748760
3521010,2022,702213
3519036,2022,352745
3519028,2022,339534
3524001,2022,226776
3519038,2022,210393
3524002,2022,194803
3518013,2022,188625
3518009,2022,149559
3524009,2022,142627
3518005,2022,133401
3518017,2022,109305
3518001,2022,105758
3519048,2022,91822
3521024,2022,82637
3524015,2022,66331
3519046,2022,65063
3519044,2022,53492
3519070,2022,50690
3519054,2022,38002
3519049,2022,28841
3518020,2022,22999
3518029,2022,22456
3518039,2022,13486
3520005,2023,3134010
3521005,2023,762508
3521010,2023,744063
3519036,2023,358953
3519028,2023,344807
3524001,2023,232240
3519038,2023,213922
3524002,2023,196632
3518013,2023,196721
3518009,2023,154633
3524009,2023,147740
3518005,2023,135711
3518017,2023,111648
3518001,2023,109143
3519048,2023,92877
3521024,2023,86049
3524015,2023,67779
3519046,2023,66159
3519044,2023,54868
3519070,2023,51593
3519054,2023,39979
3519049,2023,28916
3518020,2023,23522
3518029,2023,22546
3518039,2023,13640
3520005,2024,3280417
3521005,2024,781304
3521010,2024,783581
3519036,2024,368764
3519028,2024,354570
3524001,2024,238878
3519038,2024,219336
3524002,2024,199089
3518013,2024,207851
3518009,2024,158758
3524009,2024,152528
3518005,2024,138900
3518017,2024,113530
3518001,2024,113576
3519048,2024,95430
3521024,2024,89879
3524015,2024,68491
3519046,2024,67618
3519044,2024,57304
3519070,2024,53258
3519054,2024,42247
3519049,2024,29281
3518020,2024,23745
3518029,2024,22718
3518039,2024,13779
3520005,2025,3271830
3521005,2025,764597
3521010,2025,777759
3519036,2025,371504
3519028,2025,358535
3524001,2025,243107
3519038,2025,222031
3524002,2025,197737
3518013,2025,213592
3518009,2025,162413
3524009,2025,157345
3518005,2025,141111
3518017,2025,114180
3518001,2025,118378
3519048,2025,95763
3521024,2025,90201
3524015,2025,68265
3519046,2025,67385
3519044,2025,58010
3519070,2025,53630
3519054,2025,42989
3519049,2025,29077
3518020,2025,23928
3518029,2025,22618
3518039,2025,13710
